partition,rate
Model,0.3853503184713376
Val,0.38461538461538464
Test,0.38113207547169814
