partition,rate
Model,0.09651474530831099
Val,0.10353509920435089
Test,0.3612167300380228
